{
  "project_info": {
    "project_number": "41865091685",
    "project_id": "flutter-chat-app-eeabd",
    "storage_bucket": "flutter-chat-app-eeabd.appspot.com"
  },
  "client": [
    {
      "client_info": {
        "mobilesdk_app_id": "1:41865091685:android:81adfe0dc8a9c92d35848c",
        "android_client_info": {
          "package_name": "com.example.chat_app"
        }
      },
      "oauth_client": [],
      "api_key": [
        {
          "current_key": "AIzaSyDFzPvbrREv9NKELtQXc1gjs6zBrCjlDc0"
        }
      ],
      "services": {
        "appinvite_service": {
          "other_platform_oauth_client": []
        }
      }
    }
  ],
  "configuration_version": "1"
}